{
  "logit_accuracy": 0.9559445178335535,
  "logit_roc_auc": 0.6333232713429784,
  "gb_accuracy": 0.9559445178335535,
  "gb_roc_auc": 0.6744872916958228
}