{
  "logit_accuracy": 0.7620211360634082,
  "logit_roc_auc": 0.6776994888400273,
  "gb_accuracy": 0.7685601056803171,
  "gb_roc_auc": 0.7246744197491097
}